id,pagerank
askreddit,592.0040787061724
iama,484.099848602048
videos,312.0979902738429
pics,242.5159664733213
leagueoflegends,189.48743810454255
